-- Adresse_Postale

INSERT INTO Adresse_Postale
Values (18,'rue des marseillais',13000,'Marseille');

INSERT INTO Adresse_Postale
Values (51,'rue des marseillaises',13000,'Marseille');

INSERT INTO Adresse_Postale
Values (30,'rue des marseillaises',13000,'Marseille');

INSERT INTO Adresse_Postale
Values (32,'rue des marseillais',13000,'Marseille');

INSERT INTO Adresse_Postale
Values (34,'rue des marseillais',13000,'Marseille');

INSERT INTO Adresse_Postale
Values (36,'rue des marseillais',13000,'Marseille');

INSERT INTO Adresse_Postale
Values (38,'rue des marseillais',13000,'Marseille');

INSERT INTO Adresse_Postale
Values (40,'rue des marseillais',13000,'Marseille');

INSERT INTO Adresse_Postale
Values (42,'rue des marseillais',13000,'Marseille');


INSERT INTO Adresse_Postale
Values (15,'rue de Grenoble',38000,'Grenoble');

INSERT INTO Adresse_Postale
Values (17,'rue de Grenoble',38000,'Grenoble');

INSERT INTO Adresse_Postale
Values (19,'rue de Grenoble',38000,'Grenoble');

INSERT INTO Adresse_Postale
Values (21,'rue de Grenoble',38000,'Grenoble');

INSERT INTO Adresse_Postale
Values (23,'rue de Grenoble',38000,'Grenoble');

INSERT INTO Adresse_Postale
Values (25,'rue de Grenoble',38000,'Grenoble');

INSERT INTO Adresse_Postale
Values (27,'rue de Grenoble',38000,'Grenoble');

INSERT INTO Adresse_Postale
Values (29,'rue de Grenoble',38000,'Grenoble');


INSERT INTO Adresse_Postale
Values (20,'rue des champs elysees',75000,'Paris');

INSERT INTO Adresse_Postale
Values (22,'rue des champs elysees',75000,'Paris');

INSERT INTO Adresse_Postale
Values (24,'rue des champs elysees',75000,'Paris');

INSERT INTO Adresse_Postale
Values (26,'rue des champs elysees',75000,'Paris');

INSERT INTO Adresse_Postale
Values (28,'rue des champs elysees',75000,'Paris');

INSERT INTO Adresse_Postale
Values (30,'rue des champs elysees',75000,'Paris');

INSERT INTO Adresse_Postale
Values (32,'rue des champs elysees',75000,'Paris');

INSERT INTO Adresse_Postale
Values (34,'rue des champs elysees',75000,'Paris');

INSERT INTO Adresse_Postale
Values (36,'rue des champs elysees',75000,'Paris');

INSERT INTO Adresse_Postale
Values (38,'rue des champs elysees',75000,'Paris');

INSERT INTO Adresse_Postale
Values (40,'rue des champs elysees',75000,'Paris');


INSERT INTO Adresse_Postale
Values (3,'rue de la tour eiffel',75000,'Paris');

INSERT INTO Adresse_Postale
Values (5,'rue de la tour eiffel',75000,'Paris');

INSERT INTO Adresse_Postale
Values (7,'rue de la tour eiffel',75000,'Paris');

INSERT INTO Adresse_Postale
Values (9,'rue de la tour eiffel',75000,'Paris');

INSERT INTO Adresse_Postale
Values (11,'rue de la tour eiffel',75000,'Paris');

INSERT INTO Adresse_Postale
Values (13,'rue de la tour eiffel',75000,'Paris');

INSERT INTO Adresse_Postale
Values (15,'rue de la tour eiffel',75000,'Paris');

INSERT INTO Adresse_Postale
Values (17,'rue de la tour eiffel',75000,'Paris');

INSERT INTO Adresse_Postale
Values (19,'rue de la tour eiffel',75000,'Paris');

INSERT INTO Adresse_Postale
Values (21,'rue de la tour eiffel',75000,'Paris');

INSERT INTO Adresse_Postale
Values (99,'rue arc de triomphe',75000,'Paris');

INSERT INTO Adresse_Postale
Values (101,'rue arc de triomphe',75000,'Paris');

INSERT INTO Adresse_Postale
Values (103,'rue arc de triomphe',75000,'Paris');

INSERT INTO Adresse_Postale
Values (105,'rue arc de triomphe',75000,'Paris');

INSERT INTO Adresse_Postale
Values (107,'rue arc de triomphe',75000,'Paris');

INSERT INTO Adresse_Postale
Values (314,'rue des maths',38610,'Saint martin d heres');

INSERT INTO Adresse_Postale
Values (316,'rue des maths',38610,'Saint martin d heres');

INSERT INTO Adresse_Postale
Values (318,'rue des maths',38610,'Saint martin d heres');

INSERT INTO Adresse_Postale
Values (320,'rue des maths',38610,'Saint martin d heres');

INSERT INTO Adresse_Postale
Values (322,'rue des maths',38610,'Saint martin d heres');

INSERT INTO Adresse_Postale
Values (324,'rue des maths',38610,'Saint martin d heres');

INSERT INTO Adresse_Postale
Values (326,'rue des maths',38610,'Saint martin d heres');

INSERT INTO Adresse_Postale
Values (328,'rue des maths',38610,'Saint martin d heres');

INSERT INTO Adresse_Postale
Values (3,'rue des maths',38610,'Saint martin d heres');

INSERT INTO Adresse_Postale
Values (14,'rue des maths',38610,'Saint martin d heres');

INSERT INTO Adresse_Postale
Values (34,'rue des maths',38610,'Saint martin d heres');

INSERT INTO Adresse_Postale
Values (4,'rue des maths',38610,'Saint martin d heres');

INSERT INTO Adresse_Postale
Values (312,'rue des maths',38610,'Saint martin d heres');

INSERT INTO Adresse_Postale
Values (330,'rue des maths',38610,'Saint martin d heres');

INSERT INTO Adresse_Postale
Values (332,'rue des maths',38610,'Saint martin d heres');

INSERT INTO Adresse_Postale
Values (334,'rue des maths',38610,'Saint martin d heres');

INSERT INTO Adresse_Postale
Values (336,'rue des maths',38610,'Saint martin d heres');

INSERT INTO Adresse_Postale
Values (338,'rue des maths',38610,'Saint martin d heres');

INSERT INTO Adresse_Postale
Values (56,'rue de la chimie',38610,'Saint martin d heres');

INSERT INTO Adresse_Postale
Values (12,'rue de la physique',38610,'Saint martin d heres');

INSERT INTO Adresse_Postale
Values (14,'rue de la physique',38610,'Saint martin d heres');

INSERT INTO Adresse_Postale
Values (16,'rue de la physique',38610,'Saint martin d heres');

INSERT INTO Adresse_Postale
Values (18,'rue de la physique',38610,'Saint martin d heres');

INSERT INTO Adresse_Postale
Values (20,'rue de la physique',38610,'Saint martin d heres');

INSERT INTO Adresse_Postale
Values (22,'rue de la physique',38610,'Saint martin d heres');

-- Personne

INSERT INTO Personne
values (1,'quasire','paul',to_date('2000-02-01', 'yyyy-mm-dd'),0665859575,'qp@sql.fr',18,'rue des marseillais',13000,'Marseille');

INSERT INTO Personne
values (2,'banouine','michel',to_date('1950-02-20', 'yyyy-mm-dd'),0665854475,'bm@sql.fr',51,'rue des marseillaises',13000,'Marseille');

INSERT INTO Personne
values (3,'mirmidin','jacques',to_date('1963-12-31', 'yyyy-mm-dd'),0676541654,'mij@sql.fr',7,'rue de la tour eiffel',75000,'Paris');

INSERT INTO Personne
values (4,'dupont','michel',to_date('1987-06-12', 'yyyy-mm-dd'),0616847321,'dm@sql.fr',107,'rue arc de triomphe',75000,'Paris');

INSERT INTO Personne
values (5,'depuits','alfonse',to_date('1954-02-11', 'yyyy-mm-dd'),0616846161,'da@sql.fr',20,'rue des champs elysees',75000,'Paris');

INSERT INTO Personne
values (6,'matres','martin',to_date('1954-12-07', 'yyyy-mm-dd'),0616546844,'mm@sql.fr',27,'rue de Grenoble',38000,'Grenoble');

INSERT INTO Personne
values (7,'martin','jacques',to_date('1985-03-18', 'yyyy-mm-dd'),0616874651,'maj@sql.fr',12,'rue de la physique',38610,'Saint martin d heres');

INSERT INTO Personne
values (8,'zersf','pierre',to_date('1992-04-23', 'yyyy-mm-dd'),0616874652,'zp@sql.fr',4,'rue des maths',38610,'Saint martin d heres');

INSERT INTO Personne
values (9,'werttio','claude',to_date('1992-05-24', 'yyyy-mm-dd'),0616547351,'wc@sql.fr',56,'rue de la chimie',38610,'Saint martin d heres');

INSERT INTO Personne
values (10,'kiole','michel',to_date('1987-11-05', 'yyyy-mm-dd'),0616841665,'km@sql.fr',34,'rue des maths',38610,'Saint martin d heres');

INSERT INTO Personne
values (11,'seriola','alfonse',to_date('1981-10-15', 'yyyy-mm-dd'),0651687460,'sa@sql.fr',320,'rue des maths',38610,'Saint martin d heres');

INSERT INTO Personne
values (12,'freud','sigmund',to_date('1983-09-17', 'yyyy-mm-dd'),0601641613,'fs@sql.fr',324,'rue des maths',38610,'Saint martin d heres');

INSERT INTO Personne
values (13,'einstein','albert',to_date('1981-08-19', 'yyyy-mm-dd'),0616084320,'ea@sql.fr',22,'rue de la physique',38610,'Saint martin d heres');

INSERT INTO Personne
values (13,'einstein','albert',to_date('1981-08-19', 'yyyy-mm-dd'),0616084320,'ea@sql.fr',22,'rue de la physique',38610,'Saint martin d heres');


INSERT INTO Personne
values (14,'azerty','martin',to_date('1985-06-20', 'yyyy-mm-dd'),0616846816,'jouihi@sql.fr',24,'rue des champs elysees',75000,'Paris');

INSERT INTO Personne
values (15,'serty','jean',to_date('1985-07-21', 'yyyy-mm-dd'),0616846821,'ojhjiojio@sql.fr',26,'rue des champs elysees',75000,'Paris');

INSERT INTO Personne
values (16,'poily','jean-paul',to_date('1986-08-26', 'yyyy-mm-dd'),0649849112,'joijunoinj@sql.fr',28,'rue des champs elysees',75000,'Paris');

INSERT INTO Personne
values (17,'padert','jacques',to_date('1989-05-29', 'yyyy-mm-dd'),0616841682,'jiojioj@sql.fr',30,'rue des champs elysees',75000,'Paris');

INSERT INTO Personne
values (18,'nertio','pierre',to_date('1984-02-18', 'yyyy-mm-dd'),0613451061,'mlpojkiojo@sql.fr',32,'rue des champs elysees',75000,'Paris');

INSERT INTO Personne
values (19,'merlo','nathanael',to_date('1992-08-10', 'yyyy-mm-dd'),0601680489,'hiugbui@sql.fr',34,'rue des champs elysees',75000,'Paris');

INSERT INTO Personne
values (20,'deriot','robert',to_date('1993-03-11', 'yyyy-mm-dd'),0678694165,'gyvctyjgv@sql.fr',36,'rue des champs elysees',75000,'Paris');

INSERT INTO Personne
values (21,'desarbi','jean-jacques',to_date('1994-11-08', 'yyyy-mm-dd'),0646084035,'ehuihni@sql.fr',38,'rue des champs elysees',75000,'Paris');

INSERT INTO Personne
values (22,'dertio','jean-pierre',to_date('1995-04-09', 'yyyy-mm-dd'),0635409804,'hiubhui@sql.fr',40,'rue des champs elysees',75000,'Paris');

INSERT INTO Personne
values (23,'loimeri','gilles',to_date('1998-12-30', 'yyyy-mm-dd'),0654416846,'hiubhui@sql.fr',5,'rue de la tour eiffel',75000,'Paris');

INSERT INTO Personne
values (24,'palmeri','nathan',to_date('1999-10-25', 'yyyy-mm-dd'),0632410646,'nkjbjhgyug@sql.fr',9,'rue de la tour eiffel',75000,'Paris');

INSERT INTO Personne
values (25,'natrio','jordan',to_date('1997-01-27', 'yyyy-mm-dd'),0640864064,'hiubhui@sql.fr',11,'rue de la tour eiffel',75000,'Paris');

INSERT INTO Personne
values (26,'zurbe','yoann',to_date('1996-02-28', 'yyyy-mm-dd'),0608702110,'huihui@sql.fr',13,'rue de la tour eiffel',75000,'Paris');

INSERT INTO Personne
values (27,'marteon','pierre',to_date('1995-06-16', 'yyyy-mm-dd'),0665106482,'hiojioj@sql.fr',15,'rue de la tour eiffel',75000,'Paris');

INSERT INTO Personne
values (28,'lazertio','paul',to_date('1992-07-17', 'yyyy-mm-dd'),0698409840,'jiohyni@sql.fr',17,'rue de la tour eiffel',75000,'Paris');

INSERT INTO Personne
values (29,'mazerin','guillaume',to_date('1988-04-12', 'yyyy-mm-dd'),0138174176,'hnuihni@sql.fr',19,'rue de la tour eiffel',75000,'Paris');

INSERT INTO Personne
values (30,'quorie','guillaume',to_date('1989-12-01', 'yyyy-mm-dd'),0645814613,'uihn@sql.fr',21,'rue de la tour eiffel',75000,'Paris');

INSERT INTO Personne
values (31,'quarile','robert',to_date('1993-09-02', 'yyyy-mm-dd'),0641340641,'joibnuhbui@sql.fr',314,'rue des maths',38610,'Saint martin d heres');

INSERT INTO Personne
values (32,'maliore','clement',to_date('1992-10-08', 'yyyy-mm-dd'),0641058468,'hjgvbyugyu@sql.fr',316,'rue des maths',38610,'Saint martin d heres');

INSERT INTO Personne
values (33,'derfa','valentin',to_date('1999-08-12', 'yyyy-mm-dd'),0641308464,'hjouihouihn@sql.fr',318,'rue des maths',38610,'Saint martin d heres');

INSERT INTO Personne
values (34,'larfo','thibaut',to_date('2001-05-13', 'yyyy-mm-dd'),0646814764,'moujionh@sql.fr',322,'rue des maths',38610,'Saint martin d heres');

INSERT INTO Personne
values (35,'larfo','arthur',to_date('1992-01-15', 'yyyy-mm-dd'),0646814301,'gyugtyughi@sql.fr',326,'rue des maths',38610,'Saint martin d heres');

INSERT INTO Personne
values (36,'marteon','maximilien',to_date('1996-08-05', 'yyyy-mm-dd'),0616345187,'huihbiu@sql.fr',328,'rue des maths',38610,'Saint martin d heres');

INSERT INTO Personne
values (37,'zurbe','jacques',to_date('1996-02-08', 'yyyy-mm-dd'),0698784651,'hiubhuibhui@sql.fr',330,'rue des maths',38610,'Saint martin d heres');

INSERT INTO Personne
values (38,'zurbe','guillaume',to_date('1992-03-09', 'yyyy-mm-dd'),0692874623,'hiuhuih@sql.fr',332,'rue des maths',38610,'Saint martin d heres');

INSERT INTO Personne
values (39,'mazerin','quentin',to_date('1993-07-21', 'yyyy-mm-dd'),0605749863,'huihuihui@sql.fr',334,'rue des maths',38610,'Saint martin d heres');

INSERT INTO Personne
values (40,'emaliore','martin',to_date('1978-12-25', 'yyyy-mm-dd'),0610248684,'huihbuihui@sql.fr',336,'rue des maths',38610,'Saint martin d heres');

INSERT INTO Personne
values (41,'lazertio','pierre',to_date('1979-11-26', 'yyyy-mm-dd'),0644153416,'hibuhuibh@sql.fr',338,'rue de la physique',38610,'Saint martin d heres');

-- Centre

INSERT INTO Centre
values(1,'le petit marseillais',30,'rue des marseillaises',13000,'Marseille');

INSERT INTO Centre
values(2,'la petite marseillaise',32,'rue des marseillais',13000,'Marseille');

INSERT INTO Centre
values(3,'le petit grenoblois',15,'rue de Grenoble',38000,'Grenoble');

INSERT INTO Centre
values(4,'le petit parisien',22,'rue des champs elysees',75000,'Paris');

INSERT INTO Centre
values(5,'la petite parisienne',3,'rue de la tour eiffel',75000,'Paris');

INSERT INTO Centre
values(6,'les petits parisiens',99,'rue arc de triomphe',75000,'Paris');

INSERT INTO Centre
values(7,'le petit ensimagien',312,'rue des maths',38610,'Saint martin d heres');

-- Responsable


INSERT INTO Responsable
values (1,1);

INSERT INTO Responsable
values (2,2);

INSERT INTO Responsable
values (3,3);

INSERT INTO Responsable
values (4,4);

INSERT INTO Responsable
values (5,5);

INSERT INTO Responsable
values (6,6);

INSERT INTO Responsable
values (7,7);

-- Moniteur

INSERT INTO Moniteur
Values (8,1);

INSERT INTO Moniteur
Values (9,1);

INSERT INTO Moniteur
Values (10,2);

INSERT INTO Moniteur
Values (11,3);

INSERT INTO Moniteur
Values (12,4);

INSERT INTO Moniteur
Values (13,5);

INSERT INTO Moniteur
Values (14,6);

INSERT INTO Moniteur
Values (15,6);

INSERT INTO Moniteur
Values (16,5);

INSERT INTO Moniteur
Values (17,4);

-- Niveau

INSERT INTO Niveau
values ('debutant');

INSERT INTO Niveau
values ('confirme');

INSERT INTO Niveau
values ('expert');

-- Categorie

INSERT INTO Categorie
values ('nautique');

INSERT INTO Categorie
values ('montagne');

INSERT INTO Categorie
values ('air');

-- Activite

INSERT INTO Activite
values (1,'Natation Sportive','nautique', 'course'); 

INSERT INTO Activite
values (2,'Natation Synchro','nautique', 'danse');

INSERT INTO Activite
values (3,'Parapente','air', 'on vole');

INSERT INTO Activite
values (4,'Randonnee','montagne', 'on marche');

INSERT INTO Activite
values (5,'bateau','nautique', 'Navigation');

-- Groupe

INSERT INTO Groupe
Values (1,1,1,to_date('2015-07-01', 'yyyy-mm-dd'),to_date('2015-07-08', 'yyyy-mm-dd'),3,10,'debutant');

INSERT INTO Groupe
Values (2,2,1,to_date('2015-07-01', 'yyyy-mm-dd'),to_date('2015-07-16', 'yyyy-mm-dd'),2,12,'confirme');

INSERT INTO Groupe
Values (3,3,2,to_date('2015-07-05', 'yyyy-mm-dd'),to_date('2015-07-18', 'yyyy-mm-dd'),2,8,'expert');

INSERT INTO Groupe
Values (4,1,3,to_date('2015-07-02', 'yyyy-mm-dd'),to_date('2015-07-11', 'yyyy-mm-dd'),4,8,'debutant');

INSERT INTO Groupe
Values (5,2,4,to_date('2015-07-03', 'yyyy-mm-dd'),to_date('2015-07-09', 'yyyy-mm-dd'),3,9,'confirme');

-- EstDansGroupe

INSERT INTO EstDansGroupe
Values (18,1);

INSERT INTO EstDansGroupe
Values (19,1);

INSERT INTO EstDansGroupe
Values (20,1);

INSERT INTO EstDansGroupe
Values (21,1);

INSERT INTO EstDansGroupe
Values (22,1);

INSERT INTO EstDansGroupe
Values (23,2);

INSERT INTO EstDansGroupe
Values (24,2);

INSERT INTO EstDansGroupe
Values (25,2);

INSERT INTO EstDansGroupe
Values (26,2);

INSERT INTO EstDansGroupe
Values (27,2);

INSERT INTO EstDansGroupe
Values (28,2);

INSERT INTO EstDansGroupe
Values (29,2);

INSERT INTO EstDansGroupe
Values (30,3);

INSERT INTO EstDansGroupe
Values (31,3);

INSERT INTO EstDansGroupe
Values (32,3);

INSERT INTO EstDansGroupe
Values (33,3);

INSERT INTO EstDansGroupe
Values (34,4);

INSERT INTO EstDansGroupe
Values (35,4);

INSERT INTO EstDansGroupe
Values (36,4);

INSERT INTO EstDansGroupe
Values (37,4);

INSERT INTO EstDansGroupe
Values (38,4);

INSERT INTO EstDansGroupe
Values (39,5);

INSERT INTO EstDansGroupe
Values (40,5);

-- Gere

INSERT INTO Gere
Values (8,1,10);

INSERT INTO Gere
Values (9,1,15);

INSERT INTO Gere
Values (11,1,14);

INSERT INTO Gere
Values (10,2,20);

INSERT INTO Gere
Values (11,2,17);

INSERT INTO Gere
Values (12,2,9);

INSERT INTO Gere
Values (16,2,14);

INSERT INTO Gere
Values (13,3,10);

INSERT INTO Gere
Values (14,3,15);

INSERT INTO Gere
Values (15,3,14);

INSERT INTO Gere
Values (8,3,25);

INSERT INTO Gere
Values (16,1,7);

INSERT INTO Gere
Values (17,4,15);

INSERT INTO Gere
Values (10,4,17);

-- TypeMateriel

INSERT INTO TypeMateriel
Values ('baton');

INSERT INTO TypeMateriel
Values ('casque');

INSERT INTO TypeMateriel
Values ('planche a voile');

INSERT INTO TypeMateriel
Values ('parapente');

-- Materiel

INSERT INTO Materiel
Values (1,1,'baton','Decathlon','Kipik',30,'expert');

INSERT INTO Materiel
Values (1,2,'baton','Carefur','Tonba',50,'debutant');

INSERT INTO Materiel
Values (1,3,'casque','LeBoHaum','C100',12,'confirme');

INSERT INTO Materiel
Values (2,1,'baton','Decathlon','Kipik',20,'expert');

INSERT INTO Materiel
Values (2,2,'planche a voile','Carefur','Tegra',10,'expert');

INSERT INTO Materiel
Values (2,3,'parapente','Decathlon','Apic',12,'expert');

INSERT INTO Materiel
Values (3,1,'baton','Aperture','PG',27,'confirme');

INSERT INTO Materiel
Values (3,2,'planche a voile','Carefur','Maxwell',20,'debutant');

INSERT INTO Materiel
Values (3,3,'parapente','Decathlon','Apic',22,'expert');

INSERT INTO Materiel
Values (4,1,'casque','Carefur','e-pic',40,'debutant');

INSERT INTO Materiel
Values (4,2,'planche a voile','Carefur','Tegra',5,'expert');

INSERT INTO Materiel
Values (4,3,'baton','Decathlon','Kipik',12,'debutant');

INSERT INTO Materiel
Values (5,1,'casque','Ubi','soft',42,'confirme');

INSERT INTO Materiel
Values (5,2,'casque','Carefur','Bob',5,'expert');

INSERT INTO Materiel
Values (5,3,'baton','Decathlon','Kipik',17,'confirme');

INSERT INTO Materiel
Values (6,1,'casque','Carefur','e-pic',40,'debutant');

INSERT INTO Materiel
Values (6,2,'planche a voile','Intl','haswell',5,'expert');

INSERT INTO Materiel
Values (6,3,'baton','Aperture','PGL',16,'expert');

INSERT INTO Materiel
Values (7,1,'casque','Carefur','e-pic',30,'debutant');

INSERT INTO Materiel
Values (7,2,'planche a voile','Intl','SandyB',25,'debutant');

INSERT INTO Materiel
Values (7,3,'planche a voile','Intl','BroadW',12,'confirme');

-- Necessite

INSERT INTO Necessite
Values (4, 'baton');

INSERT INTO Necessite
Values (3, 'casque');

INSERT INTO Necessite
Values (5, 'planche a voile');

-- Seance

INSERT INTO Seance
Values (1,1,to_date('2015-07-01', 'yyyy-mm-dd'),14,2);

INSERT INTO Seance
Values (1,2,to_date('2015-07-03', 'yyyy-mm-dd'),15,3);

INSERT INTO Seance
Values (1,3,to_date('2015-07-01', 'yyyy-mm-dd'),11,2);

INSERT INTO Seance
Values (2,1,to_date('2015-07-02', 'yyyy-mm-dd'),9,5);

INSERT INTO Seance
Values (2,2,to_date('2015-07-02', 'yyyy-mm-dd'),16,3);

INSERT INTO Seance
Values (2,3,to_date('2015-07-10', 'yyyy-mm-dd'),6,2);

INSERT INTO Seance
Values (3,1,to_date('2015-07-10', 'yyyy-mm-dd'),7,2);

INSERT INTO Seance
Values (3,2,to_date('2015-07-12', 'yyyy-mm-dd'),8,3);

INSERT INTO Seance
Values (3,3,to_date('2015-07-14', 'yyyy-mm-dd'),10,4);

INSERT INTO Seance
Values (4,1,to_date('2015-07-04', 'yyyy-mm-dd'),18,2);

INSERT INTO Seance
Values (4,2,to_date('2015-07-07', 'yyyy-mm-dd'),20,3);

INSERT INTO Seance
Values (4,3,to_date('2015-07-10', 'yyyy-mm-dd'),22,4);

INSERT INTO Seance
Values (5,1,to_date('2015-07-04', 'yyyy-mm-dd'),9,5);

INSERT INTO Seance
Values (5,2,to_date('2015-07-07', 'yyyy-mm-dd'),18,3);

INSERT INTO Seance
Values (5,3,to_date('2015-07-08', 'yyyy-mm-dd'),17,4);

-- Utilise

-- EstEncadreePar

INSERT INTO EstEncadreePar
Values (8,1,1);

INSERT INTO EstEncadreePar
Values (9,1,2);

INSERT INTO EstEncadreePar
Values (8,1,3);

INSERT INTO EstEncadreePar
Values (8,2,1);

INSERT INTO EstEncadreePar
Values (9,2,2);

INSERT INTO EstEncadreePar
Values (9,2,3);

INSERT INTO EstEncadreePar
Values (10,3,);

INSERT INTO EstEncadreePar
Values ();

INSERT INTO EstEncadreePar
Values ();

INSERT INTO EstEncadreePar
Values ();

INSERT INTO EstEncadreePar
Values ();

INSERT INTO EstEncadreePar
Values ();

INSERT INTO EstEncadreePar
Values ();

INSERT INTO EstEncadreePar
Values ();

INSERT INTO EstEncadreePar
Values ();

-- Stagiaire

INSERT INTO Stagiaire
Values (18);

INSERT INTO Stagiaire
Values (19);

INSERT INTO Stagiaire
Values (20);

INSERT INTO Stagiaire
Values (21);

INSERT INTO Stagiaire
Values (22);

INSERT INTO Stagiaire
Values (23);

INSERT INTO Stagiaire
Values (24);

INSERT INTO Stagiaire
Values (25);

INSERT INTO Stagiaire
Values (26);

INSERT INTO Stagiaire
Values (27);

INSERT INTO Stagiaire
Values (28);

INSERT INTO Stagiaire
Values (29);

INSERT INTO Stagiaire
Values (30);

INSERT INTO Stagiaire
Values (31);

INSERT INTO Stagiaire
Values (32);

INSERT INTO Stagiaire
Values (33);

INSERT INTO Stagiaire
Values (34);

INSERT INTO Stagiaire
Values (35);

INSERT INTO Stagiaire
Values (36);

INSERT INTO Stagiaire
Values (37);

INSERT INTO Stagiaire
Values (38);

INSERT INTO Stagiaire
Values (39);

INSERT INTO Stagiaire
Values (40);

-- EstInscritDansCentre

INSERT INTO EstInscritDansCentre
Values (18,1);

INSERT INTO EstInscritDansCentre
Values (19,1);

INSERT INTO EstInscritDansCentre
Values (20,1);

INSERT INTO EstInscritDansCentre
Values (21,1);

INSERT INTO EstInscritDansCentre
Values (22,1);

INSERT INTO EstInscritDansCentre
Values (23,1);

INSERT INTO EstInscritDansCentre
Values (24,1);

INSERT INTO EstInscritDansCentre
Values (25,1);

INSERT INTO EstInscritDansCentre
Values (26,1);

INSERT INTO EstInscritDansCentre
Values (27,1);

INSERT INTO EstInscritDansCentre
Values (28,1);

INSERT INTO EstInscritDansCentre
Values (29,1);

INSERT INTO EstInscritDansCentre
Values (29,2);

INSERT INTO EstInscritDansCentre
Values (29,3);

INSERT INTO EstInscritDansCentre
Values (30,2);

INSERT INTO EstInscritDansCentre
Values (31,2);

INSERT INTO EstInscritDansCentre
Values (32,2);

INSERT INTO EstInscritDansCentre
Values (33,3);

INSERT INTO EstInscritDansCentre
Values (33,4);

INSERT INTO EstInscritDansCentre
Values (33,5);

INSERT INTO EstInscritDansCentre
Values (34,3);

INSERT INTO EstInscritDansCentre
Values (35,3);

INSERT INTO EstInscritDansCentre
Values (36,3);

INSERT INTO EstInscritDansCentre
Values (37,3);

INSERT INTO EstInscritDansCentre
Values (38,3);

INSERT INTO EstInscritDansCentre
Values (39,4);

INSERT INTO EstInscritDansCentre
Values (40,4);

